{
	"format_version": "1.8.0",
	"animations": {
		"animation.player.swing": {
			"loop": true,
			"animation_length": 0.2917,
			"bones": {
				"rightArm": {
					"rotation": {
						"0.0": [0, 0, 0],
						"0.0833": [-5.41199, 23.06265, 5.38894],
						"0.125": [-13.31634, 36.7612, 56.32978],
						"0.1667": [-58.11073, 6.44931, 8.72102],
						"0.25": [-28.77157, -5.28699, -10.94791],
						"0.2917": [0, 0, 0]
					}
				},
				"leftArm": {
					"rotation": {
						"0.0417": [-8, 0, 0],
						"0.1667": [-16, 0, 0],
						"0.2917": [-8, 0, 0]
					}
				},
				"body": {
					"rotation": {
						"0.0417": [0, 0, 0],
						"0.1667": [0, 7.5, 0],
						"0.2917": [0, 0, 0]
					}
				}
			}
		}
	}
}